{"Epoch": 30, "Train Loss": 2.740074415206909, "Validation Loss": 2.8423403759002683, "Train accuracy": 13.19, "Validation accuracy": 9.52, "_timestamp": 1736350935.751888, "_runtime": 54.533616065979004, "_step": 29, "_wandb": {"runtime": 53}}