{"Epoch": 30, "Train Loss": 3.1717124824523926, "Validation Loss": 3.1781667079925535, "Train accuracy": 6.63, "Validation accuracy": 6.71, "_timestamp": 1736351161.2107213, "_runtime": 54.89655423164368, "_step": 29, "_wandb": {"runtime": 53}}