{"Epoch": 30, "Train Loss": 2.5880589485168457, "Validation Loss": 2.8796183338165284, "Train accuracy": 17.49, "Validation accuracy": 9.58, "_timestamp": 1736351261.0580947, "_runtime": 55.308167695999146, "_step": 29, "_wandb": {"runtime": 54}}