{"Epoch": 150, "Train Loss": 1.7084510316848756, "Validation Loss": 3.4264334468841553, "Train accuracy": 43.88, "Validation accuracy": 10.84, "_timestamp": 1736351619.631417, "_runtime": 238.30333995819092, "_step": 149, "_wandb": {"runtime": 237}}